{
  "type": "FeatureCollection",
  "features": [
    {
      "type": "Feature",
      "properties": {},
      "geometry": {
        "type": "LineString",
        "coordinates": [
          [
            -0.12694358825683594,
            51.50767403407925
          ],
          [
            -0.12303829193115234,
            51.50981085847289
          ],
          [
            -0.11844635009765626,
            51.511600371790095
          ],
          [
            -0.11492729187011717,
            51.51269541243519
          ],
          [
            -0.11278152465820314,
            51.51349664501128
          ],
          [
            -0.10934829711914062,
            51.51413762092547
          ],
          [
            -0.10462760925292969,
            51.514217742280586
          ],
          [
            -0.10432720184326172,
            51.51413762092547
          ],
          [
            -0.10475635528564453,
            51.51614061252578
          ],
          [
            -0.10514259338378906,
            51.51723554403216
          ],
          [
            -0.11046409606933594,
            51.51806340159923
          ],
          [
            -0.11587142944335936,
            51.51814351604911
          ],
          [
            -0.1199054718017578,
            51.51766282723606
          ],
          [
            -0.12050628662109375,
            51.51763612215324
          ],
          [
            -0.11969089508056639,
            51.51632755391457
          ],
          [
            -0.12106418609619139,
            51.51563319631723
          ],
          [
            -0.12205123901367186,
            51.51467176063095
          ],
          [
            -0.1242828369140625,
            51.51317615367198
          ],
          [
            -0.12848854064941406,
            51.5112531582845
          ],
          [
            -0.12831687927246094,
            51.51018479243817
          ],
          [
            -0.12763023376464844,
            51.50949034120275
          ],
          [
            -0.1272439956665039,
            51.508662327818094
          ],
          [
            -0.12707233428955078,
            51.50780758853995
          ]
        ]
      }
    }
  ]
}
