{
  "type": "FeatureCollection",
  "features": [
    {
      "type": "Feature",
      "properties": {},
      "geometry": {
        "type": "LineString",
        "coordinates": [
          [
            -0.12617111206054688,
            51.50099581189912
          ],
          [
            -0.12402534484863281,
            51.50091566729007
          ],
          [
            -0.12260913848876953,
            51.506285044481096
          ],
          [
            -0.12076377868652344,
            51.50850206542486
          ],
          [
            -0.11737346649169922,
            51.5102649207457
          ],
          [
            -0.11346817016601562,
            51.51098606917176
          ],
          [
            -0.10630130767822266,
            51.51101277815347
          ],
          [
            -0.10342597961425781,
            51.511092905004745
          ],
          [
            -0.10359764099121094,
            51.51296249152639
          ],
          [
            -0.1036405563354492,
            51.51413762092547
          ],
          [
            -0.10471343994140624,
            51.51419103517789
          ],
          [
            -0.10647296905517578,
            51.51413762092547
          ],
          [
            -0.10591506958007812,
            51.512882367963456
          ],
          [
            -0.10677337646484375,
            51.51266870443993
          ],
          [
            -0.10776042938232422,
            51.51427115643904
          ],
          [
            -0.11432647705078125,
            51.51282895217651
          ],
          [
            -0.11891841888427736,
            51.51133328471298
          ],
          [
            -0.12196540832519531,
            51.5102649207457
          ],
          [
            -0.1258707046508789,
            51.50836851299987
          ],
          [
            -0.12767314910888672,
            51.507406923983446
          ],
          [
            -0.12715816497802734,
            51.50583094254364
          ],
          [
            -0.12629985809326172,
            51.50452203516731
          ],
          [
            -0.12617111206054688,
            51.501262959578035
          ]
        ]
      }
    }
  ]
}